{"cameraMode":{"drawMode":0,"name":"Shaded","section":"Shading Mode"},"sceneLighting":true,"audioPlay":false,"sceneViewState":{"showFog":true,"showMaterialUpdate":true,"showSkybox":true,"showFlares":true,"showImageEffects":true,"showParticleSystems":true},"in2DMode":false,"pivot":{"x":-32.773597717285159,"y":29.918521881103517,"z":0.10026074200868607},"rotation":{"x":-0.2992493808269501,"y":-0.633769690990448,"z":0.2912842035293579,"w":-0.6511120200157166},"size":6.0073957443237309,"orthographic":false}